movie_title,imdb_id,duration,language,country,release_date,release_country,budget,genres,title_year,num_voted_users,director_name,director_facebook_likes,actor_1_name,actor_1_facebook_likes,actor_2_name,actor_2_facebook_likes,actor_3_name,actor_3_facebook_likes,actor_4_name,actor_4_facebook_likes,movie_trailer_views,movie_trailer_likes,movie_trailer_unlikes,production,imdb_score
Vigilantes,tt0840026,100,English,USA,29 Jul 2006,release_countrytt0840026,budget,Action| Comedy| Drama,2006,58,Trevor L. Smith,200,null,8530,null,8530,null,8530,null,8530,189732,1033,45,N/A,5
Mother India,tt2071530,63,English,Italy| India,07 Mar 2012,release_countrytt2071530,budget,Documentary| Family,2011,10,Raffaele Brunetti,0,null,8530,null,8530,null,8530,null,8530,14823,31,2,N/A,5
A Get2Gether,tt0493129,98,English,USA,28 Sep 2005,release_countrytt0493129,budget,Comedy,2005,24,Ceon Forte,0,null,8530,null,8530,null,8530,null,8530,0,0,0,UrbanWorks Entertainment,5
Tolla is Tops,tt2145732,90,Afrikaans| English,South Africa,28 Dec 1990,release_countrytt2145732,budget,Comedy,1990,10,Elmo de Witt,1,null,8530,null,8530,null,8530,null,8530,0,0,0,N/A,4
The Lights,tt6268196,70,English,Australia,08 Feb 2016,release_countrytt6268196,budget,Horror,2016,6,Christopher Krupa| Sam Kinlyside,0,null,8530,null,8530,null,8530,null,8530,2378591,17349,231,N/A,5
19 Revolutions,tt0407485,94,Hindi| Telugu| Urdu| English,India,06 Nov 2004,release_countrytt0407485,budget,Drama,2004,15,Sridhar Reddy,61731,null,8530,null,8530,null,8530,null,8530,0,0,0,N/A,5
Rulers and Dealers,tt0864880,93,English,UK,14 Sep 2006,release_countrytt0864880,budget,Drama,2006,10,Stephen Lloyd Jackson,0,null,8530,null,8530,null,8530,null,8530,0,0,0,N/A,5
Barstool Cowboy,tt1316032,90,English,USA,01 Jan 2009,release_countrytt1316032,budget,Drama,2009,43,Mark Thimijan,0,null,8530,null,8530,null,8530,null,8530,9709,13,1,N/A,5
Exploitation,tt04225110,83,English,UK,01 Jul 2008,release_countrytt3530838,budget,Drama,2008,10,Jason Impey| Kemal Yildirim,505,null,8530,null,8530,null,8530,null,8530,85306,236,8,N/A,4
Jack-the Last Victim,tt0422511,83,English,UK,N/A,release_countrytt0422511,budget,Crime| Horror| Musical,2005,13,Phil Peel,1284,null,8530,null,8530,null,8530,null,8530,0,0,0,N/A,5
Revolution of Everyday Life,tt1791587,76,English,USA,N/A,release_countrytt1791587,budget,Drama,2010,6,Marc Lafia,11,null,8530,null,8530,null,8530,null,8530,0,0,0,N/A,5
The Last Flesh & Blood Show,tt2375637,125,English,USA,26 Jan 2012,release_countrytt2375637,budget,Horror,2012,7,Scout Tafoya,0,null,8530,null,8530,null,8530,null,8530,178,1,0,N/A,4
The Love Lesson,tt0113702,87,English,USA,N/A,release_countrytt0113702,budget,Drama,1995,20,Sharon Greytak,0,null,8530,null,8530,null,8530,null,8530,0,0,0,N/A,5
Why Elvis?,tt0202105,76,English,USA,N/A,release_countrytt0202105,budget,Documentary| Music,1994,21,David Leonard,2724,null,8530,null,8530,null,8530,null,8530,0,0,0,N/A,5
Kosova: Desperate Search,tt0816086,92,Albanian| English,Germany,23 Apr 2006,release_countrytt0816086,budget,Drama| War,2006,49,Sunaj Raca,1,null,8530,null,8530,null,8530,null,8530,0,0,0,N/A,5
Dial D for Demons,tt0296229,87,Cantonese| English,Hong Kong,18 Mar 2000,release_countrytt0296229,budget,Horror,2000,55,Hin Sing *Billy* Tang,1,null,8530,null,8530,null,8530,null,8530,0,0,0,N/A,5
Steve-O: Gross Misconduct Uncensored,tt2033386,181,English,USA,31 May 2005,release_countrytt2033386,budget,Comedy,2005,16,N/A,0,null,8530,null,8530,null,8530,null,8530,0,0,0,N/A,5
The Torment of Laurie Ann Cullom,tt3869588,71,English,USA,30 Oct 2014,release_countrytt3869588,budget,Horror| Thriller,2014,46,Mark Dossett,0,null,8530,null,8530,null,8530,null,8530,51,0,0,N/A,5
Speedy Boys,tt0194395,75,English| Italian,USA,23 Apr 1999,release_countrytt0194395,budget,N/A,1999,43,James Herbert,44004,null,8530,null,8530,null,8530,null,8530,0,0,0,N/A,5
Harbinger,tt0116487,90,English,USA,N/A,release_countrytt0116487,budget,Action,1996,7,James Cummins,1297,null,8530,null,8530,null,8530,null,8530,1022584,12592,101,N/A,5
WWE: The History of WrestleMania I-IX,tt2140651,120,English,USA,14 Sep 2004,release_countrytt2140651,budget,Sport,2004,25,N/A,0,null,8530,null,8530,null,8530,null,8530,0,0,0,N/A,5
Enemy,tt0116202,88,English,USA,31 Mar 1998,release_countrytt0116202,budget,Action| Drama,1998,17,Bruce Pattison,0,null,8530,null,8530,null,8530,null,8530,7477565,13104,662,N/A,5
Running for Jim,tt2434960,78,English,USA,25 Aug 2013,release_countrytt2434960,budget,Documentary| Biography| Drama,2013,9,Robin Hauser| Dan Noyes,140038,null,8530,null,8530,null,8530,null,8530,1995,3,0,Passion River Films,5
Death Force,tt1542621,82,English,USA,29 Aug 2009,release_countrytt1542621,budget,Sci-Fi,2009,35,Rick Laprade,0,null,8530,null,8530,null,8530,null,8530,14836,6,4,N/A,5
Unforgiven Sins,tt1067930,110,English,USA,N/A,release_countrytt1067930,budget,Thriller,2006,13,Perla Faye Humphrey,0,null,8530,null,8530,null,8530,null,8530,170,0,0,N/A,5
Bottom,tt0395478,89,English,USA,14 Feb 2004,release_countrytt0395478,budget,Drama,2004,30,Jelese| Joseph L. Stovall,17,null,8530,null,8530,null,8530,null,8530,375518,925,76,Maverick Entertainment,5
Flow,tt0210685,80,English,Canada| USA,N/A,release_countrytt0210685,budget,Drama,1996,33,Quentin Lee,160,null,8530,null,8530,null,8530,null,8530,152011,2244,1431,N/A,5
Valkaama,tt1669706,93,English,Germany,N/A,release_countrytt1669706,budget,Drama,2010,10,Tim Baumann,206,null,8530,null,8530,null,8530,null,8530,9599,15,1,N/A,5
Rules of Single Life,tt1433819,75,Finnish| Bulgarian| English,Finland| Bulgaria| Norway,01 Apr 2011,release_countrytt1433819,budget,Documentary,2011,139,Tonislav Hristov,214,null,8530,null,8530,null,8530,null,8530,2917,3,0,N/A,5
Wobble: The Weight of the Truth,tt1289448,104,English,USA,20 Jun 2008,release_countrytt1289448,budget,Comedy,2008,19,Chris Kowalczyk| Winston Reuning,146,null,8530,null,8530,null,8530,null,8530,0,0,0,N/A,5
Soho Square,tt0416231,90,English,UK,N/A,release_countrytt0416231,budget,Thriller| Drama,2000,132,Jamie Rafn,0,null,8530,null,8530,null,8530,null,8530,84,5,0,Sundance Channel Home Entertainment,5
Bad for Business,tt1341321,68,English,USA,07 Dec 2007,release_countrytt1341321,budget,Comedy,2007,34,Jeff P. Rodia,0,null,8530,null,8530,null,8530,null,8530,0,0,0,N/A,5
You Snooze You Lose,tt0217897,91,English,USA,N/A,release_countrytt0217897,budget,Comedy,1995,9,Jonathan Liebert,83,null,8530,null,8530,null,8530,null,8530,0,0,0,N/A,5
Not a Lovestory,tt0756696,115,English| German,Germany,N/A,release_countrytt0756696,budget,Romance| Thriller,2004,14,Aaron Allred,1,null,8530,null,8530,null,8530,null,8530,0,0,0,N/A,5
The Only Hotel,tt0352670,93,English,UK,N/A,release_countrytt0352670,budget,Drama| Thriller,2003,18,Stuart Collinge,0,null,8530,null,8530,null,8530,null,8530,0,0,0,N/A,5
Turkey Day,tt2151891,106,English,USA,N/A,release_countrytt2151891,budget,Comedy| Romance,2011,21,James Christopher,3754,null,8530,null,8530,null,8530,null,8530,5870,44,0,N/A,5
Ghost Stories: Unmasking the Dead,tt1247659,74,English,USA,24 Oct 2008,release_countrytt1247659,budget,Horror,2008,26,Dan T. Hall,62,null,8530,null,8530,null,8530,null,8530,0,0,0,Vizmo Films,5
God*s Not Dead,tt2528814,113,English,USA,21 Mar 2014,release_countrytt2528814,budget,Drama,2014,34744,Harold Cronk,378,null,8530,null,8530,null,8530,null,8530,3063119,19357,17484,Pure Flix Entertainment,5
The Man Who Knew Bush,tt0420758,75,English,USA,N/A,release_countrytt0420758,budget,Documentary,2004,12,Marc Berlin,2259,null,8530,null,8530,null,8530,null,8530,0,0,0,Black Sheep Films LLC,5
The Prey,tt1018824,70,English,USA,12 Nov 2008,release_countrytt1018824,budget,Action| Thriller,2008,13,Franklin Correa,2166,null,8530,null,8530,null,8530,null,8530,106645,147,13,N/A,4
The Wilde Wedding,tt5066056,95,English,USA,15 Sep 2017,release_countrytt5066056,budget,Comedy,2017,135,Damian Harris,1249,null,8530,null,8530,null,8530,null,8530,2066661,3153,659,Vertical Entertainment,5
Zombeavers,tt2784512,77,English,USA,20 Mar 2015,release_countrytt2784512,budget,Comedy| Horror,2014,12999,Jordan Rubin,24306,null,8530,null,8530,null,8530,null,8530,769539,3103,804,Freestyle Releasing,5
Isolation,tt4287348,86,English,USA,31 Oct 2015,release_countrytt4287348,budget,Action| Thriller,2015,478,Shane Dax Taylor,0,null,8530,null,8530,null,8530,null,8530,1143944,5680,121,N/A,5
Baseball Chronicles,tt2303278,60,English,USA,N/A,release_countrytt2303278,budget,Documentary,2010,11,Marino Amoruso,0,null,8530,null,8530,null,8530,null,8530,44,0,0,N/A,5
Graveyard Shift,tt0099697,89,English,USA| Japan,26 Oct 1990,release_countrytt0099697,budget,Horror,1990,7650,Ralph S. Singleton,0,null,8530,null,8530,null,8530,null,8530,152258,204,10,Paramount Home Video,5
Rupture,tt4578118,102,English,Canada| USA,28 Apr 2017,release_countrytt4578118,budget,Horror| Sci-Fi| Thriller,2016,3128,Steven Shainberg,258,null,8530,null,8530,null,8530,null,8530,601051,1872,233,AMBI Media Group,5
The Living Witness,tt0276290,112,English,USA,11 Aug 1999,release_countrytt0276290,budget,Action| Drama| Thriller,1999,44,N/A,0,null,8530,null,8530,null,8530,null,8530,0,0,0,N/A,5
Fatigue,tt0475267,90,English,UK,29 Aug 2005,release_countrytt0475267,budget,Thriller,2005,69,Michael Blackwood Barnes,0,null,8530,null,8530,null,8530,null,8530,2022,67,83,N/A,5
Blues Brothers 2000,tt0118747,123,English| Russian,USA,06 Feb 1998,release_countrytt0118747,budget,Action| Comedy| Crime,1998,27517,John Landis,9533,null,8530,null,8530,null,8530,null,8530,390868,641,57,Universal Pictures,5
Fans Anonymous,tt1200790,90,English,USA,05 Apr 2008,release_countrytt1200790,budget,Comedy| Drama| Family,2008,16,Sean Guess,324,null,8530,null,8530,null,8530,null,8530,2855,6,0,N/A,5
Awakening the Zodiac,tt6294892,100,English,Canada,09 Jun 2017,release_countrytt6294892,budget,Crime| Drama| Mystery,2017,732,Jonathan Wright,525,null,8530,null,8530,null,8530,null,8530,610926,1280,135,Bunk 11 Pictures,5
Lay the Favorite,tt1132449,94,English| Spanish,USA| UK| France,22 Jun 2012,release_countrytt1132449,budget,Comedy| Drama| Romance,2012,9410,Stephen Frears,3162,null,8530,null,8530,null,8530,null,8530,128118,37,22,Weinstein Co.,5
inter.m@tes,tt0410945,94,English| Filipino| Tagalog,Philippines,07 Jun 2004,release_countrytt0410945,budget,Drama,2004,17,Hamilton McLeod,45,null,8530,null,8530,null,8530,null,8530,0,0,0,N/A,5
Big Bear,tt4986754,88,English,USA,22 Sep 2017,release_countrytt4986754,budget,Comedy,2017,350,Joey Kern,891,null,8530,null,8530,null,8530,null,8530,136288,125,22,Blue Fox Entertainment,5
Bewitched,tt0374536,102,English| Spanish,USA,24 Jun 2005,release_countrytt0374536,budget,Comedy| Fantasy| Romance,2005,61497,Nora Ephron,30741,null,8530,null,8530,null,8530,null,8530,137318,147,16,Columbia Pictures,5
Suburbicon,tt0491175,104,English,USA| UK,27 Oct 2017,release_countrytt0491175,budget,Crime| Drama| Mystery,2017,503,George Clooney,861843,null,8530,null,8530,null,8530,null,8530,3250659,16874,1092,N/A,5
Evan & Hunter,tt3593540,122,English,USA,11 Oct 2014,release_countrytt3593540,budget,Comedy,2014,8,Donnie O*Connor| Geronimo Morales,1746,null,8530,null,8530,null,8530,null,8530,1467,10,4,N/A,5
Project: Assassin,tt0178848,89,English,UK,01 Aug 1997,release_countrytt0178848,budget,Thriller,1997,41,Robin Hill| Andy Hurst,13943,null,8530,null,8530,null,8530,null,8530,0,0,0,N/A,5
The Stalking Hand,tt0475401,90,English,USA,15 Nov 2005,release_countrytt0475401,budget,Horror,2005,8,Lou Vockell,0,null,8530,null,8530,null,8530,null,8530,0,0,0,N/A,4
Fun Mom Dinner,tt5829040,81,English,USA,04 Aug 2017,release_countrytt5829040,budget,Comedy,2017,1027,Alethea Jones,234,null,8530,null,8530,null,8530,null,8530,1416251,3173,1285,Voltage Pictures,5
Wasaga,tt0114895,90,English,Canada,N/A,release_countrytt0114895,budget,N/A,1995,9,Judith Doyle,30,null,8530,null,8530,null,8530,null,8530,3431,93,6,N/A,5
Approaching the Unknown,tt2674430,90,English,USA,03 Jun 2016,release_countrytt2674430,budget,Drama| Sci-Fi| Thriller,2016,5271,Mark Elijah Rosenberg,0,null,8530,null,8530,null,8530,null,8530,4286265,13556,864,3311 Productions,5
Savage Dog,tt5851014,94,English,USA,04 Aug 2017,release_countrytt5851014,budget,Action| Drama,2017,1164,Jesse V. Johnson,465,null,8530,null,8530,null,8530,null,8530,494785,910,114,Bleiberg Entertainment,5
Crossing the Enemy: The Identity Crisis,tt2214929,107,English,USA,N/A,release_countrytt2214929,budget,Action,2012,6,Brian Eip| Tabatha A Tower,0,null,8530,null,8530,null,8530,null,8530,0,0,0,N/A,5
Crossing the Enemy: The Identity Crisis,tt6659238,107,English,USA,N/A,release_countrytt6659238,budget,Action,2012,6,Brian Eip| Tabatha A Tower,0,null,8530,null,8530,null,8530,null,8530,0,0,0,N/A,5
Pet Sematary II,tt0105128,100,English,USA,28 Aug 1992,release_countrytt0105128,budget,Fantasy| Horror,1992,14649,Mary Lambert,181704,null,8530,null,8530,null,8530,null,8530,280161,356,23,Paramount Home Video,5
Take the 10,tt5792472,80,English,USA,20 Jan 2017,release_countrytt5792472,budget,Comedy,2017,1498,Chester Tam,3677,null,8530,null,8530,null,8530,null,8530,722934,3617,350,Netflix,5
Burning Bodhi,tt3770426,93,English,USA,11 Mar 2016,release_countrytt3770426,budget,Drama,2015,306,Matthew McDuffie,2548,null,8530,null,8530,null,8530,null,8530,97149,445,41,N/A,5
Tekken,tt0411951,92,Mandarin| Japanese| English,Japan| USA,20 Mar 2010,release_countrytt0411951,budget,Action| Crime| Drama,2010,23563,Dwight H. Little,189,null,8530,null,8530,null,8530,null,8530,1349812,7740,253,Crystal Sky Pictures,5
In the Army Now,tt0110123,91,English,USA,12 Aug 1994,release_countrytt0110123,budget,Comedy| War,1994,10613,Daniel Petrie Jr.,22,null,8530,null,8530,null,8530,null,8530,51687,120,8,Buena Vista,5
Underdog,tt0467110,84,English,USA,03 Aug 2007,release_countrytt0467110,budget,Action| Adventure| Comedy,2007,16749,Frederik Du Chau,21,null,8530,null,8530,null,8530,null,8530,1719406,7435,854,Buena Vista,5
Animal,tt2996684,86,English,USA,01 Feb 2015,release_countrytt2996684,budget,Action| Adventure| Horror,2014,5245,Brett Simmons,411,null,8530,null,8530,null,8530,null,8530,2110104,29213,855,Universal Pictures,5
Who Gets the Dog?,tt1949605,95,English,USA,13 Sep 2016,release_countrytt1949605,budget,Comedy,2016,695,Huck Botko,0,null,8530,null,8530,null,8530,null,8530,0,0,0,2DS Productions,5
At the Devil*s Door,tt2597242,91,English,USA,08 Aug 2014,release_countrytt2597242,budget,Horror,2014,5876,Nicholas McCarthy,9780,null,8530,null,8530,null,8530,null,8530,340,5,0,IFC Films,5
Beethoven*s 2nd,tt0106375,89,English,USA,17 Dec 1993,release_countrytt0106375,budget,Comedy| Family| Romance,1993,21013,Rod Daniel,1014,null,8530,null,8530,null,8530,null,8530,329947,486,49,MCA Universal Home Video,5
Cool World,tt0104009,102,English,USA,10 Jul 1992,release_countrytt0104009,budget,Animation| Comedy| Fantasy,1992,17785,Ralph Bakshi,105786,null,8530,null,8530,null,8530,null,8530,217575,768,34,Paramount Home Video,5
Starve,tt3350890,98,English,USA,03 Oct 2014,release_countrytt3350890,budget,Horror| Thriller,2014,664,Griff Furst,1211,null,8530,null,8530,null,8530,null,8530,933446,33739,1089,Shoreline Entertainment,5
A Few Less Men,tt3784652,92,English,Australia,09 Mar 2017,release_countrytt3784652,budget,Comedy,2017,564,Mark Lamprell,199,null,8530,null,8530,null,8530,null,8530,38445,84,12,N/A,5
See No Evil 2,tt3106120,90,English,USA,21 Oct 2014,release_countrytt3106120,budget,Horror,2014,4530,Jen Soska| Sylvia Soska,79,null,8530,null,8530,null,8530,null,8530,1659186,5748,316,Lionsgate Films,5
All Roads Lead to Rome,tt4119278,90,English| Italian,Italy| Spain| USA| UK| Sweden,05 Feb 2016,release_countrytt4119278,budget,Comedy| Romance,2015,3221,Ella Lemhagen,305,null,8530,null,8530,null,8530,null,8530,273563,278,25,N/A,5
Ritual,tt0250698,99,English,USA,02 May 2006,release_countrytt0250698,budget,Horror,2002,1278,Avi Nesher,281,null,8530,null,8530,null,8530,null,8530,439525,2897,119,Miramax Films,5
Wild Horses,tt4442130,100,English,USA,05 Jun 2015,release_countrytt4442130,budget,Crime| Drama,2015,2413,Robert Duvall,214443,null,8530,null,8530,null,8530,null,8530,1013699,1260,171,Eone Films,5
Barely Legal,tt0302297,90,English,Germany| USA,25 May 2006,release_countrytt0302297,budget,Comedy,2003,5521,David Mickey Evans,2187,null,8530,null,8530,null,8530,null,8530,24799,17,10,Sony Pictures Entertainment,5
Dead Rising: Endgame,tt5481404,96,English,USA,20 Jun 2016,release_countrytt5481404,budget,Action| Horror| Sci-Fi,2016,1833,Pat Williams,110007,null,8530,null,8530,null,8530,null,8530,29262,302,32,Legendary Entertainment,5
Tarzan,tt1705952,94,English,Germany| USA,20 Feb 2014,release_countrytt1705952,budget,Animation| Adventure| Drama,2013,11091,Reinhard Klooss,10,null,8530,null,8530,null,8530,null,8530,32527933,123861,6739,N/A,5
Shangri-La Suite,tt3014078,90,English,USA,28 Oct 2016,release_countrytt3014078,budget,Crime| Drama| Romance,2016,380,Eddie O*Keefe,182,null,8530,null,8530,null,8530,null,8530,80,0,0,Maya Sigel,5
Van Wilder 2: The Rise of Taj,tt0480271,97,English,USA,01 Dec 2006,release_countrytt0480271,budget,Comedy| Romance,2006,20223,Mort Nathan,40,null,8530,null,8530,null,8530,null,8530,528298,336,37,MGM,5
Flight 7500,tt1975159,97,English| Japanese,Japan| USA,12 Apr 2016,release_countrytt1975159,budget,Horror| Mystery| Sci-Fi,2014,12576,Takashi Shimizu,2711,null,8530,null,8530,null,8530,null,8530,9148,4,5,Pinema,5
Anatomy of a Love Seen,tt3546114,80,English,USA,18 Jul 2014,release_countrytt3546114,budget,Drama| Romance,2014,1860,Marina Rice Bader,7,null,8530,null,8530,null,8530,null,8530,3889938,3263,1010,N/A,5
A Kid in King Arthur*s Court,tt0113538,89,English,USA| Hungary| UK,11 Aug 1995,release_countrytt0113538,budget,Adventure| Comedy| Family,1995,4920,Michael Gottlieb,2314,null,8530,null,8530,null,8530,null,8530,0,0,0,Buena Vista Pictures,5
The Walking Dead,tt0114888,88,English,USA,24 Feb 1995,release_countrytt0114888,budget,Drama| War,1995,657,Preston A. Whitmore II,134,null,8530,null,8530,null,8530,null,8530,21225741,68466,3424,HBO Video,5
Death Wish V: The Face of Death,tt0109578,95,English,USA| Canada,14 Jan 1994,release_countrytt0109578,budget,Action| Crime| Drama,1994,5347,Allan A. Goldstein,3,null,8530,null,8530,null,8530,null,8530,75614,143,9,N/A,5
A Teacher,tt2201548,75,English,USA,06 Sep 2013,release_countrytt2201548,budget,Drama| Romance,2013,3616,Hannah Fidell,35,null,8530,null,8530,null,8530,null,8530,1979443,1177,262,Oscilloscope Laboratories,5
Hell Baby,tt2318527,98,English,USA,01 Mar 2014,release_countrytt2318527,budget,Comedy| Horror,2013,7928,Robert Ben Garant| Thomas Lennon,5506193,null,8530,null,8530,null,8530,null,8530,2291398,4540,739,Millenium Entertainment,5
Coin Heist,tt5740806,97,English,USA,06 Jan 2017,release_countrytt5740806,budget,Action| Crime| Drama,2017,1440,Emily Hagins,857,null,8530,null,8530,null,8530,null,8530,3370154,30693,1250,Adaptive Studios,5
Chalk It Up,tt3951732,90,English,USA,13 Sep 2016,release_countrytt3951732,budget,Comedy,2016,741,Hisonni Johnson,19,null,8530,null,8530,null,8530,null,8530,97489,136,8,N/A,5
Night of the Demons,tt1268809,93,English| Russian,USA,26 May 2011,release_countrytt1268809,budget,Action| Comedy| Horror,2009,6230,Adam Gierasch,1,null,8530,null,8530,null,8530,null,8530,44393,153,3,Entertainment One,5
About Cherry,tt1945062,98,English,USA,09 Aug 2012,release_countrytt1945062,budget,Drama,2012,8591,Stephen Elliott,7320,null,8530,null,8530,null,8530,null,8530,50302,58,4,IFC Films,5
Aftershock,tt1780762,89,Spanish| English,USA| Chile,12 Jun 2014,release_countrytt1780762,budget,Action| Adventure| Horror,2012,9326,Nicolás López,18238,null,8530,null,8530,null,8530,null,8530,571082,1266,577,The Weinstein Company,5
Megan Is Missing,tt1087461,85,English,USA,01 May 2011,release_countrytt1087461,budget,Drama| Horror| Thriller,2011,6868,Michael Goi,80406,null,8530,null,8530,null,8530,null,8530,437589,207,119,STARZ MEDIA LLC.,5
The Anomaly,tt2962726,97,English,UK,04 Jul 2014,release_countrytt2962726,budget,Action| Sci-Fi| Thriller,2014,6325,Noel Clarke,142794,null,8530,null,8530,null,8530,null,8530,1200644,2828,256,N/A,5
Girls Against Boys,tt2036376,93,English,USA,01 Feb 2013,release_countrytt2036376,budget,Drama| Horror| Thriller,2012,2942,Austin Chick,23984,null,8530,null,8530,null,8530,null,8530,2445157,7997,1705,Anchor Bay Films,5
Iceman,tt2557256,104,Cantonese| English| Hindi| Mandarin,China| Hong Kong,19 Sep 2014,release_countrytt2557256,budget,Action| Comedy| History,2014,2450,Wing-Cheong Law,269,null,8530,null,8530,null,8530,null,8530,1645555,3197,142,Well Go USA,5
Little Monsters,tt2189714,107,English,USA,01 May 2013,release_countrytt2189714,budget,Crime| Drama| Horror,2012,155,David Schmoeller,51,null,8530,null,8530,null,8530,null,8530,179547,400,29,VCI Entertainment,5
Deadly Virtues: Love.Honour.Obey.,tt2824852,87,English,UK| Netherlands,28 Sep 2015,release_countrytt2824852,budget,Drama| Thriller,2014,887,Ate de Jong,173,null,8530,null,8530,null,8530,null,8530,501116,172,57,N/A,5
The Truth About Charlie,tt0270707,104,English| French| Arabic,Germany| USA,25 Oct 2002,release_countrytt0270707,budget,Mystery| Thriller,2002,8903,Jonathan Demme,5108,null,8530,null,8530,null,8530,null,8530,37439,0,0,Universal Pictures,5
Repossessed,tt0100475,80,English,USA,14 Sep 1990,release_countrytt0100475,budget,Comedy| Fantasy| Horror,1990,6859,Bob Logan,42871,null,8530,null,8530,null,8530,null,8530,205295,366,23,Live Home Video,5
Ice Cream Man,tt0113376,84,English,USA,09 May 1995,release_countrytt0113376,budget,Comedy| Horror| Thriller,1995,1910,Paul Norman,338,null,8530,null,8530,null,8530,null,8530,160618,865,41,N/A,5
Garm Wars: The Last Druid,tt2504640,102,English,Canada| Japan,02 Oct 2015,release_countrytt2504640,budget,Action| Sci-Fi| Thriller,2014,976,Mamoru Oshii,7402,null,8530,null,8530,null,8530,null,8530,13692,18,6,N/A,5
Loose Cannons,tt0100053,94,English,USA,09 Feb 1990,release_countrytt0100053,budget,Action| Comedy| Crime,1990,3740,Bob Clark,134493,null,8530,null,8530,null,8530,null,8530,95476,79,3,TriStar Pictures,5
Last Girl Standing,tt4520340,91,English| Spanish,USA,17 Oct 2015,release_countrytt4520340,budget,Drama| Horror,2015,789,Benjamin R. Moody,0,null,8530,null,8530,null,8530,null,8530,17043,35,3,N/A,5
Blankman,tt0109288,92,English,USA,19 Aug 1994,release_countrytt0109288,budget,Comedy| Action| Crime,1994,7044,Mike Binder,406,null,8530,null,8530,null,8530,null,8530,78867,401,16,Sony Pictures Home Entertainment,5
The Snare,tt2935390,90,English,UK,06 Jan 2017,release_countrytt2935390,budget,Horror| Thriller,2017,3818,C.A. Cooper,4687,null,8530,null,8530,null,8530,null,8530,419815,582,83,Bohemian Pictures,5
All Through the House,tt4278962,88,English,USA,31 Oct 2015,release_countrytt4278962,budget,Horror,2015,1346,Todd Nunes,0,null,8530,null,8530,null,8530,null,8530,25288,15,3,The Readmond Company,5
A 2nd Chance,tt2150139,90,English,Australia,01 Sep 2015,release_countrytt2150139,budget,Drama| Family| Sport,2011,500,Clay Glen,1631,null,8530,null,8530,null,8530,null,8530,260027,0,0,WARNER BROTHERS PICTURES,5
By the Gun,tt2543702,110,English,USA,05 Dec 2014,release_countrytt2543702,budget,Crime| Drama| Thriller,2014,2330,James Mottern,525,null,8530,null,8530,null,8530,null,8530,0,0,0,Millennium Entertainment,5
The Hollow,tt3827684,128,English,USA,07 Oct 2016,release_countrytt3827684,budget,Crime| Drama| Mystery,2016,556,Miles Doleac,0,null,8530,null,8530,null,8530,null,8530,1378324,6497,281,Historia Films,5
Lost After Dark,tt3397556,89,English,Canada,21 Aug 2015,release_countrytt3397556,budget,Horror,2015,1426,Ian Kessner,0,null,8530,null,8530,null,8530,null,8530,222708,604,168,N/A,5
A Glimpse Inside the Mind of Charles Swan III,tt2044729,86,English| Russian| Spanish,USA,14 Mar 2013,release_countrytt2044729,budget,Comedy,2012,4287,Roman Coppola,1020,null,8530,null,8530,null,8530,null,8530,492463,1276,154,Swan Design Studios,5
Always Watching: A Marble Hornets Story,tt2737926,92,English,USA,07 Apr 2015,release_countrytt2737926,budget,Horror,2015,2042,James Moran,1019,null,8530,null,8530,null,8530,null,8530,726452,1692,151,Gravitas Ventures,5
Black Mountain Side,tt3139756,99,English,Canada,26 Jan 2016,release_countrytt3139756,budget,Horror| Thriller,2014,1348,Nick Szostakiwskyj,0,null,8530,null,8530,null,8530,null,8530,207385,187,39,A Farewell To Kings Entertainment Company,5
Kull the Conqueror,tt0119484,95,English,USA,29 Aug 1997,release_countrytt0119484,budget,Fantasy| Action| Adventure,1997,6889,John Nicolella,22,null,8530,null,8530,null,8530,null,8530,364955,238,27,Universal Pictures,5
Bed of the Dead,tt4730706,88,English,Canada,03 Dec 2016,release_countrytt4730706,budget,Horror,2016,278,Jeff Maher,583,null,8530,null,8530,null,8530,null,8530,2970,118,2,Black Fawn Films,5
Labor Pains,tt1231287,89,English,USA,19 Jun 2009,release_countrytt1231287,budget,Comedy| Romance,2009,9391,Lara Shapiro,26,null,8530,null,8530,null,8530,null,8530,127189,614,30,Labor Productions Inc.,5
Dark Touch,tt2328549,90,English,France| Ireland| Sweden,19 Mar 2014,release_countrytt2328549,budget,Horror,2013,3598,Marina de Van,2812,null,8530,null,8530,null,8530,null,8530,1626468,3741,284,IFC Midnight,5
The Return,tt0433442,85,English,USA,10 Nov 2006,release_countrytt0433442,budget,Horror| Mystery| Thriller,2006,10330,Asif Kapadia,3496,null,8530,null,8530,null,8530,null,8530,14640348,72595,4993,Focus Features,5
The Seeker: The Dark Is Rising,tt0484562,99,English,USA,05 Oct 2007,release_countrytt0484562,budget,Adventure| Drama| Family,2007,13689,David L. Cunningham,398,null,8530,null,8530,null,8530,null,8530,305819,389,30,E1 Entertainment,5
The Dead Room,tt3952108,80,English,New Zealand,08 Apr 2016,release_countrytt3952108,budget,Horror| Thriller,2015,2265,Jason Stutter,28,null,8530,null,8530,null,8530,null,8530,71889,125,54,N/A,5
Descent,tt0463027,104,English| Spanish,USA,26 Apr 2007,release_countrytt0463027,budget,Drama| Thriller,2007,2682,Talia Lugacy,0,null,8530,null,8530,null,8530,null,8530,2864965,87247,7667,City Lights Pictures,5
The Nymphets,tt2462580,75,English,USA,14 Mar 2015,release_countrytt2462580,budget,Drama,2015,112,Gary Gardner,5361,null,8530,null,8530,null,8530,null,8530,0,0,0,N/A,5
Yosemite,tt2992000,80,English,France,01 Jan 2016,release_countrytt2992000,budget,Drama,2015,592,Gabrielle Demeestere,1,null,8530,null,8530,null,8530,null,8530,503101,2313,242,N/A,5
David and Goliath,tt3962210,92,English,USA,13 Mar 2015,release_countrytt3962210,budget,Action| Adventure| Drama,2015,1532,Timothy A. Chey,15461,null,8530,null,8530,null,8530,null,8530,279067,1940,64,RiverRain Productions,5
A Haunting at Silver Falls,tt1813609,96,English,USA,28 May 2013,release_countrytt1813609,budget,Horror| Thriller,2013,2346,Brett Donowho,0,null,8530,null,8530,null,8530,null,8530,0,0,0,Inception Media Group,5
Monolith,tt4711924,83,English,Italy,12 Aug 2017,release_countrytt4711924,budget,Drama| Thriller,2016,736,Ivan Silvestrini,0,null,8530,null,8530,null,8530,null,8530,1355117,10928,198,N/A,5
Land of Smiles,tt3421124,90,English,USA| Austria| Thailand,01 Jan 2018,release_countrytt3421124,budget,Adventure| Horror| Thriller,2017,746,Bradley Stryker,60,null,8530,null,8530,null,8530,null,8530,18608,32,11,N/A,5
The Outsider,tt2198241,94,English,USA,11 Mar 2014,release_countrytt2198241,budget,Action| Crime| Drama,2014,2209,Brian A Miller,1635,null,8530,null,8530,null,8530,null,8530,1100058,3293,246,RLJ Entertainment/Image Entertainment,5
Jack and the Beanstalk,tt1079968,94,English,USA,06 Nov 2009,release_countrytt1079968,budget,Adventure| Comedy| Family,2009,1385,Gary J. Tunnicliffe,39,null,8530,null,8530,null,8530,null,8530,36663,53,2,Avalon Family Entertainment,5
Flood,tt0790665,110,English,UK| South Africa| Canada,24 Aug 2007,release_countrytt0790665,budget,Action| Drama| Thriller,2007,5511,Tony Mitchell,4695,null,8530,null,8530,null,8530,null,8530,4229327,38703,1673,RHI Entertainment,5
Don*t Blink,tt1572306,92,English,USA,18 Sep 2014,release_countrytt1572306,budget,Horror| Mystery| Thriller,2014,4376,Travis Oates,37,null,8530,null,8530,null,8530,null,8530,58587,305,7,Independent,5
The Call Up,tt3923388,90,English,UK,24 Jun 2016,release_countrytt3923388,budget,Action| Sci-Fi,2016,2714,Charles Barker,3269,null,8530,null,8530,null,8530,null,8530,1477264,1772,1088,Stigma Films,5
Boys,tt0115742,86,English| Spanish,USA,10 May 1996,release_countrytt0115742,budget,Mystery| Drama| Romance,1996,3132,Stacy Cochran,0,null,8530,null,8530,null,8530,null,8530,13631196,90523,4708,Touchstone Pictures,5
Ra.One,tt1562871,156,Hindi| Tamil| Telugu| Chinese| English| Telugu,USA| India,26 Oct 2011,release_countrytt1562871,budget,Action| Adventure| Sci-Fi,2011,33303,Anubhav Sinha,26859,null,8530,null,8530,null,8530,null,8530,527660,715,85,Eros Entertainment,5
The Facility,tt1650044,80,English,UK,23 Jun 2012,release_countrytt1650044,budget,Horror,2012,1593,Ian Clark,7256,null,8530,null,8530,null,8530,null,8530,29674,194,14,Tribeca Films,5
8,tt0493101,100,French| English,France,01 Oct 2009,release_countrytt0493101,budget,Drama,2008,755,Jane Campion| Gael García Bernal| Jan Kounen| Mira Nair| Gaspar Noé| Abderrahmane Sissako| Gus Van Sant| Wim Wenders,3155544,null,8530,null,8530,null,8530,null,8530,26798640,170964,8354,N/A,5
Walled In,tt1104006,91,English,USA| France| Canada,19 Jun 2009,release_countrytt1104006,budget,Horror| Thriller,2009,5103,Gilles Paquet-Brenner,34,null,8530,null,8530,null,8530,null,8530,218780,445,29,Anchor Bay Entertainment,5
The Willies,tt0103268,92,English,USA,27 Dec 1990,release_countrytt0103268,budget,Horror| Comedy,1990,1147,Brian Peck,200,null,8530,null,8530,null,8530,null,8530,646,13,0,Prism Entertainment,5
I Want Your Love,tt1995329,71,English,USA,01 May 2013,release_countrytt1995329,budget,Drama| Romance,2012,981,Travis Mathews,961,null,8530,null,8530,null,8530,null,8530,168139,157,15,N/A,5
The Awakening of Gabriella,tt0208697,93,English,USA,11 Mar 2002,release_countrytt0208697,budget,Drama,1999,273,Carlton McRae,0,null,8530,null,8530,null,8530,null,8530,0,0,0,N/A,5
Alien Outpost,tt2474972,90,English,UK| South Africa,30 Jan 2015,release_countrytt2474972,budget,Action| Sci-Fi| Thriller,2014,5629,Jabbar Raisani,0,null,8530,null,8530,null,8530,null,8530,2804872,2202,1183,Altitude Film Entertainment,5
Father Hood,tt0106877,95,English,USA,27 Aug 1993,release_countrytt0106877,budget,Comedy,1993,2425,Darrell Roodt,415,null,8530,null,8530,null,8530,null,8530,3882,12,1,Buena Vista,5
Shared Rooms,tt5106400,75,English,USA,14 May 2016,release_countrytt5106400,budget,Comedy| Drama| Romance,2016,220,Rob Williams,12366,null,8530,null,8530,null,8530,null,8530,21334,48,22,N/A,5
Fear of Silent Hill,tt5466514,48,English| English,Denmark,21 Feb 2016,release_countrytt5466514,budget,Horror,2016,27,Svetlana Merlov Pittman,0,null,8530,null,8530,null,8530,null,8530,0,0,0,N/A,6
Fox Trap,tt3949996,97,English,UK,10 Jul 2017,release_countrytt3949996,budget,Horror,2016,32,Jamie Weston,1209,null,8530,null,8530,null,8530,null,8530,4395,21,2,N/A,5
Mask Maker,tt1577055,90,English,USA,12 Apr 2011,release_countrytt1577055,budget,Horror,2011,1543,Griff Furst,1211,null,8530,null,8530,null,8530,null,8530,490208,425,27,XXX Filmproduktion GmBH & Co. KG,5
Now Add Honey,tt2577854,100,English,Australia,05 Nov 2015,release_countrytt2577854,budget,Comedy,2015,545,Wayne Hope,21907,null,8530,null,8530,null,8530,null,8530,239023,352,26,N/A,5
While She Was Out,tt0887971,86,English| Spanish| Chinese,USA| Canada| Germany,26 Mar 2009,release_countrytt0887971,budget,Crime| Drama| Thriller,2008,5624,Susan Montford,72,null,8530,null,8530,null,8530,null,8530,231755,176,32,Anchor Bay Entertainment,5
Mantervention,tt2318268,98,English,USA,01 Aug 2014,release_countrytt2318268,budget,Comedy,2014,717,Stuart Acher,0,null,8530,null,8530,null,8530,null,8530,379,1,0,N/A,5
Stripper: Natasha Kizmet,tt1496410,86,English| Russian,USA,01 Jul 2011,release_countrytt1496410,budget,Comedy,2009,92,Michael Drumm,34431,null,8530,null,8530,null,8530,null,8530,0,0,0,N/A,5
Best of the Best 3: No Turning Back,tt0112483,90,English,USA,17 May 1995,release_countrytt0112483,budget,Action| Crime| Drama,1995,1605,Phillip Rhee,10533,null,8530,null,8530,null,8530,null,8530,0,0,0,Miramax,5
Stash House,tt1919090,99,English,USA,11 May 2012,release_countrytt1919090,budget,Thriller,2012,2281,Eduardo Rodriguez,67111,null,8530,null,8530,null,8530,null,8530,77862,92,25,After Dark Films/Independent Pictures,5
1 Chance 2 Dance,tt2388856,89,English,USA,21 Jan 2014,release_countrytt2388856,budget,Drama| Family,2014,358,Adam Deyoe,11,null,8530,null,8530,null,8530,null,8530,0,0,0,WARNER BROTHERS PICTURES,5
Bloodsport 2,tt0112536,90,English,USA,01 Mar 1996,release_countrytt0112536,budget,Action| Sport,1996,2504,Alan Mehrez,20,null,8530,null,8530,null,8530,null,8530,38139,31,7,FM Entertainment,5
Tactical Force,tt1458915,91,English,Canada,09 Aug 2011,release_countrytt1458915,budget,Action| Comedy| Crime,2011,5080,Adamo P. Cultraro,0,null,8530,null,8530,null,8530,null,8530,48570,24,7,Nasser Group North,5
Made in America,tt2366572,93,English| Spanish,USA,11 Jul 2014,release_countrytt2366572,budget,Documentary| Music,2013,507,Ron Howard,637198,null,8530,null,8530,null,8530,null,8530,1303753,2771,1546,Phase 4 Films,5
V.I. Warshawski,tt0103184,89,English,USA,26 Jul 1991,release_countrytt0103184,budget,Action| Comedy| Crime,1991,4126,Jeff Kanew,51,null,8530,null,8530,null,8530,null,8530,32106,36,4,Hollywood Pictures,5
Buddy,tt0118787,84,English,USA,06 Jun 1997,release_countrytt0118787,budget,Adventure| Comedy| Drama,1997,2204,Caroline Thompson,320,null,8530,null,8530,null,8530,null,8530,2405571,33822,1989,Sony Pictures Home Entertainment,5
Repentance,tt2012665,90,English,USA,25 Sep 2014,release_countrytt2012665,budget,Drama| Horror| Thriller,2013,1956,Philippe Caland,24395,null,8530,null,8530,null,8530,null,8530,544602,667,35,Lionsgate,5
The Alchemist Cookbook,tt5128826,82,English,USA,07 Oct 2016,release_countrytt5128826,budget,Drama| Horror,2016,596,Joel Potrykus,206,null,8530,null,8530,null,8530,null,8530,115118,390,41,Oscilloscope Laboratories,5
Summer Lover,tt0937373,88,English,Ukraine,05 Mar 2008,release_countrytt0937373,budget,Drama| Romance,2008,1310,Robert Crombie,18,null,8530,null,8530,null,8530,null,8530,290360,53,12,Phase 4 Films,5
Mischief Night,tt1763256,88,English,USA,20 May 2014,release_countrytt1763256,budget,Horror,2014,646,Travis Baker,13741,null,8530,null,8530,null,8530,null,8530,408903,564,80,SpectiCast,5
Rage,tt1234550,98,English,UK| USA,09 Nov 2009,release_countrytt1234550,budget,Drama,2009,909,Sally Potter,5597,null,8530,null,8530,null,8530,null,8530,852328,5423,154,Adventure Pictures,5
Affluenza,tt1906384,85,English,USA,11 Jul 2014,release_countrytt1906384,budget,Drama,2014,613,Kevin Asch,2,null,8530,null,8530,null,8530,null,8530,156060,816,78,FilmBuff,5
Scent,tt4089412,62,English,USA,01 May 2015,release_countrytt4089412,budget,Horror,2015,48,N/A,0,null,8530,null,8530,null,8530,null,8530,139992,332,14,N/A,5
Hellbound,tt0107101,95,English| Italian,USA,18 Mar 1994,release_countrytt0107101,budget,Action| Fantasy| Horror,1994,2486,Aaron Norris,1763,null,8530,null,8530,null,8530,null,8530,363173,526,12,Warner Home Video,5
Crawlspace,tt1890375,86,English,Australia,12 Nov 2012,release_countrytt1890375,budget,Horror| Mystery| Sci-Fi,2012,2523,Justin Dix,1370,null,8530,null,8530,null,8530,null,8530,45462,105,6,IFC Films,5
Brownian Movement,tt1529240,97,English| French| Serbo-Croatian,Netherlands,24 Mar 2011,release_countrytt1529240,budget,Drama| Romance,2010,819,Nanouk Leopold,51,null,8530,null,8530,null,8530,null,8530,271869,101,57,N/A,5
Days and Nights,tt2359381,92,English,USA,09 Apr 2015,release_countrytt2359381,budget,Comedy| Drama,2014,774,Christian Camargo,3008,null,8530,null,8530,null,8530,null,8530,150931,430,94,IFC Films,5
Tormented,tt2726270,83,English,Canada,27 Jan 2016,release_countrytt2726270,budget,Horror| Thriller,2014,1226,Audrey Cummings,0,null,8530,null,8530,null,8530,null,8530,109491,1048,54,A71 Entertainment,5
Minor Details,tt1230126,86,English,USA,05 Feb 2009,release_countrytt1230126,budget,Adventure| Family| Mystery,2009,687,John Lyde,35,null,8530,null,8530,null,8530,null,8530,369277,532,57,Bota Productions,5
*Til There Was You,tt0118523,113,English,USA,30 May 1997,release_countrytt0118523,budget,Romance| Comedy,1997,2417,Scott Winant,54,null,8530,null,8530,null,8530,null,8530,0,0,0,Paramount Pictures,5
Dance-Off,tt3024964,95,English,USA,07 Oct 2014,release_countrytt3024964,budget,Comedy| Music| Romance,2014,511,Alex Di Marco,582,null,8530,null,8530,null,8530,null,8530,1104841,4606,101,Freestyle Digital Media,5
Innocent Lies,tt0113249,88,English| French| German,UK| France,30 Jun 1995,release_countrytt0113249,budget,Drama| Mystery| Thriller,1995,668,Patrick Dewolf,10,null,8530,null,8530,null,8530,null,8530,10567,13,6,N/A,5
N.O.L.A Circus,tt3349550,86,English| English,USA| France,25 Apr 2017,release_countrytt3349550,budget,Comedy,2015,67,Luc Annest,0,null,8530,null,8530,null,8530,null,8530,1588,5,0,Xlrator Media,5
Macbeth,tt0434541,109,English,Australia,21 Sep 2006,release_countrytt0434541,budget,Crime| Drama| Fantasy,2006,1972,Geoffrey Wright,71,null,8530,null,8530,null,8530,null,8530,1576628,8205,289,Emerging Picrtures,5
Me and My Mates vs. The Zombie Apocalypse,tt2846938,90,English,Australia,03 Aug 2015,release_countrytt2846938,budget,Comedy| Horror,2015,347,Declan Shrubb,0,null,8530,null,8530,null,8530,null,8530,0,0,0,N/A,5
Winter of Frozen Dreams,tt0960098,92,English,USA,03 Apr 2009,release_countrytt0960098,budget,Crime| Drama,2009,624,Eric Mandelbaum,0,null,8530,null,8530,null,8530,null,8530,67457,49,8,Monterey Media Inc.,5
Growth,tt1300159,90,English,USA,07 Sep 2010,release_countrytt1300159,budget,Horror| Sci-Fi,2010,3434,Gabriel Cowan,109,null,8530,null,8530,null,8530,null,8530,5294545,3682,3452,STARZ MEDIA LLC.,5
Break-Up Nightmare,tt5460118,90,English,USA,13 Aug 2017,release_countrytt5460118,budget,Drama| Thriller,2016,283,Mark Quod,0,null,8530,null,8530,null,8530,null,8530,0,0,0,N/A,5
Once Fallen,tt1087524,93,English,USA,24 Apr 2010,release_countrytt1087524,budget,Crime,2010,1082,Ash Adams,10698,null,8530,null,8530,null,8530,null,8530,400698,169,18,First Look Studios,5
Being Venice,tt2012110,89,English,Australia,N/A,release_countrytt2012110,budget,Drama| Romance,2012,56,Miro Bilbrough,0,null,8530,null,8530,null,8530,null,8530,249,0,0,N/A,5
Vendetta,tt3746298,90,English,USA,12 Jun 2015,release_countrytt3746298,budget,Action| Drama,2015,2121,Jen Soska| Sylvia Soska,79,null,8530,null,8530,null,8530,null,8530,4372506,43673,986,Lionsgate,5
Ghost Machine,tt1286147,100,English,UK,12 Apr 2010,release_countrytt1286147,budget,Action| Sci-Fi| Thriller,2009,1639,Chris Hartwill,0,null,8530,null,8530,null,8530,null,8530,73820,69,33,Anchor Bay Entertainment,5
Grace: The Possession,tt3068192,87,English,USA| Canada,21 Oct 2014,release_countrytt3068192,budget,Horror| Thriller,2014,1975,Jeff Chan,153201,null,8530,null,8530,null,8530,null,8530,1098791,2003,240,Sony Pictures Home Entertainment,5
Resurrection County,tt1297943,95,English,USA,19 Oct 2011,release_countrytt1297943,budget,Horror| Thriller,2008,491,Matt Zettell,0,null,8530,null,8530,null,8530,null,8530,93495,37,17,N/A,5
Progeny,tt0167350,98,English,USA,30 Mar 1999,release_countrytt0167350,budget,Horror| Sci-Fi| Thriller,1998,1186,Brian Yuzna,1278,null,8530,null,8530,null,8530,null,8530,43193,157,13,Sterling Entertainment,5
The Big Ask,tt2327541,91,English,USA,20 May 2014,release_countrytt2327541,budget,Comedy| Drama,2013,526,Thomas Beatty| Rebecca Fishman,127,null,8530,null,8530,null,8530,null,8530,51565,23,22,Tribeca Films,5
Aaron*s Blood,tt3898776,80,English,USA,02 Jun 2017,release_countrytt3898776,budget,Drama| Horror| Mystery,2016,192,Tommy Stovall,0,null,8530,null,8530,null,8530,null,8530,10659,10,2,N/A,5
Brain Drain,tt1272013,104,Spanish| English| German,Spain,24 Apr 2009,release_countrytt1272013,budget,Comedy| Romance,2009,1445,Fernando González Molina,670,null,8530,null,8530,null,8530,null,8530,4109,124,2,N/A,5
Ghost of New Orleans,tt1493815,98,English,USA,08 Jan 2011,release_countrytt1493815,budget,Crime| Drama| Thriller,2011,626,Predrag Antonijevic,40,null,8530,null,8530,null,8530,null,8530,448362,2281,117,SP Releasing,5
Black Scorpion,tt0112519,92,English,USA,22 Aug 1995,release_countrytt0112519,budget,Action| Crime| Sci-Fi,1995,868,Jonathan Winfrey,0,null,8530,null,8530,null,8530,null,8530,68870,110,12,New Horizons Picture Corp.,5
Lucky 13,tt0222167,95,English,USA,N/A,release_countrytt0222167,budget,Comedy| Romance,2005,958,Chris Hall,4100,null,8530,null,8530,null,8530,null,8530,17468,53,4,MGM Home Entertainment,5
1915,tt3781762,82,English,USA,23 Apr 2015,release_countrytt3781762,budget,Drama,2015,4338,Garin Hovannisian| Alec Mouhibian,19107,null,8530,null,8530,null,8530,null,8530,292248,663,121,Bloodvine Media,5
The Wedding Party,tt1465496,97,English,Australia,22 Jul 2010,release_countrytt1465496,budget,Comedy| Drama,2010,431,Amanda Jane,19506,null,8530,null,8530,null,8530,null,8530,211856,1753,98,N/A,5
Americano,tt3181400,98,English| Spanish,Mexico| USA,13 Jun 2017,release_countrytt3181400,budget,Animation| Action| Adventure,2016,120,Ricardo Arnaiz| Mike Kunkel| Raul Garcia,22684,null,8530,null,8530,null,8530,null,8530,1448734,3328,116,N/A,5
The Cottage,tt1977941,88,English,USA,12 Oct 2012,release_countrytt1977941,budget,Thriller,2012,935,Chris Jaymes,20,null,8530,null,8530,null,8530,null,8530,346222,365,35,Entertainment One,5
The Maddening,tt0113732,95,English,USA,18 Jun 1996,release_countrytt0113732,budget,Thriller,1995,564,Danny Huston,1974,null,8530,null,8530,null,8530,null,8530,1275,32,1,Trimark,5
Club Wild Side 2,tt0188509,99,English,USA,06 Dec 1999,release_countrytt0188509,budget,Drama,1998,168,Lawrence Lanoff,1635,null,8530,null,8530,null,8530,null,8530,0,0,0,N/A,5
Pig Hunt,tt1022883,99,English,USA,31 Jul 2008,release_countrytt1022883,budget,Action| Horror| Thriller,2008,2240,James Isaac,2014,null,8530,null,8530,null,8530,null,8530,571920,989,78,Phase 4 Films,5
Gypsy Eyes,tt0104380,87,Slovenian| English,Slovenia,N/A,release_countrytt0104380,budget,Action| Drama| Romance,1992,187,Vinci Vogue Anzlovar,52,null,8530,null,8530,null,8530,null,8530,2462,1,0,Incovent,5
Curse of the Witching Tree,tt3796936,102,English,UK,07 Sep 2016,release_countrytt3796936,budget,Horror,2015,1430,James Crow,1320499,null,8530,null,8530,null,8530,null,8530,58917,72,16,N/A,5
Dawn Rider,tt2014202,94,English,Canada,29 May 2012,release_countrytt2014202,budget,Western,2012,1690,Terry Miles,3604,null,8530,null,8530,null,8530,null,8530,582804,241,146,Nasser Group Inc.,5
The Hard Truth,tt0109986,100,English,USA,23 Nov 1994,release_countrytt0109986,budget,Action| Crime| Romance,1994,212,Kristine Peterson,178,null,8530,null,8530,null,8530,null,8530,2700,10,0,Live Home Video,5
Gary of the Pacific,tt5513718,87,English,New Zealand| Cook Islands,16 Mar 2017,release_countrytt5513718,budget,Comedy,2017,64,Jarrod Holt| Ryan Hutchings| Nigel McCulloch,122,null,8530,null,8530,null,8530,null,8530,40319,120,8,thedownlowconcept,5
Rain Fall,tt1206086,111,Japanese| English,Japan,25 Apr 2009,release_countrytt1206086,budget,Action| Crime| Drama,2009,1075,Max Mannix,1150,null,8530,null,8530,null,8530,null,8530,19539,23,1,LionsGate Entertainment,5
Top Cat: The Movie,tt1821680,90,Spanish| English,Mexico| Argentina,02 Aug 2013,release_countrytt1821680,budget,Animation| Action| Comedy,2011,1481,Alberto Mar,152703,null,8530,null,8530,null,8530,null,8530,173430,213,279,Viva Pictures Entertainment,5
Bhoot and Friends,tt1807978,133,Hindi| English,India,31 Dec 2010,release_countrytt1807978,budget,Animation| Action| Adventure,2010,24,Kittu Saluja,0,null,8530,null,8530,null,8530,null,8530,0,0,0,N/A,5
Dead Connection,tt0107417,93,English,USA,18 Nov 1994,release_countrytt0107417,budget,Crime| Drama| Thriller,1994,451,Nigel Dick,474,null,8530,null,8530,null,8530,null,8530,974,3,1,PolyGram Video,5
Rio Sex Comedy,tt1429432,124,English| French| Portuguese,France| Brazil,23 Feb 2011,release_countrytt1429432,budget,Comedy| Drama,2010,606,Jonathan Nossiter,356,null,8530,null,8530,null,8530,null,8530,68058,16,4,Océan Films,5
Deadly Sins,tt0112830,98,English,Canada| USA,17 Oct 1995,release_countrytt0112830,budget,Drama| Horror| Mystery,1995,382,Michael Robison,1002,null,8530,null,8530,null,8530,null,8530,194401,3605,91,Libra Home Entertainment,5
The Corridor,tt1602617,98,English,Canada,30 Mar 2012,release_countrytt1602617,budget,Drama| Horror| Sci-Fi,2010,2290,Evan Kelly,857,null,8530,null,8530,null,8530,null,8530,422210,1096,170,Unknown,5
Extraction,tt2823574,106,English,USA,05 Sep 2013,release_countrytt2823574,budget,Action,2013,931,Tony Giglio,1409,null,8530,null,8530,null,8530,null,8530,421644,749,114,Sony Pictures Entertainment,5
Ernest in the Army,tt0129908,85,English,USA,24 Feb 1998,release_countrytt0129908,budget,Family| Comedy,1998,1867,John R. Cherry III,137,null,8530,null,8530,null,8530,null,8530,33928,59,10,Active Entertainment,5
Spaceship Terror,tt1965108,93,English,USA,10 Jun 2011,release_countrytt1965108,budget,Horror| Sci-Fi| Thriller,2011,74,Harry Tchinski,3234,null,8530,null,8530,null,8530,null,8530,3988,10,1,N/A,5
Lake Fear,tt4028134,89,English,USA,01 Dec 2014,release_countrytt4028134,budget,Comedy| Horror,2014,1613,Michael Crum,185504,null,8530,null,8530,null,8530,null,8530,4509,8,1,N/A,5
Crawlspace,tt2141777,90,English,USA,04 Jan 2013,release_countrytt2141777,budget,Horror| Thriller,2013,660,Josh Stolberg,47,null,8530,null,8530,null,8530,null,8530,45462,105,6,IFC Films,5
Ghosted,tt1252595,89,English| German| Mandarin,Taiwan| Germany,31 Jul 2009,release_countrytt1252595,budget,Drama| Mystery,2009,325,Monika Treut,1186,null,8530,null,8530,null,8530,null,8530,1453159,7852,1001,First Run Features,5
Luv Ka the End,tt1918927,106,Hindi| English,India,06 May 2011,release_countrytt1918927,budget,Comedy| Drama,2011,1136,Bumpy,8073,null,8530,null,8530,null,8530,null,8530,0,0,0,N/A,5
Passage to Mars,tt3190158,94,English| French,USA,30 Sep 2016,release_countrytt3190158,budget,Documentary,2016,569,Jean-Christophe Jeauffre,17,null,8530,null,8530,null,8530,null,8530,124581,76,42,Jules Verne Adventures,5
Dead Season,tt1650042,85,English,USA,05 Jul 2012,release_countrytt1650042,budget,Horror| Sci-Fi,2012,2872,Adam Deyoe,11,null,8530,null,8530,null,8530,null,8530,739480,10675,450,N/A,5
Clinger,tt3043590,81,English,USA,12 Jan 2015,release_countrytt3043590,budget,Comedy| Horror,2015,344,Michael Steves,9851,null,8530,null,8530,null,8530,null,8530,40236,194,23,N/A,5
Kill Your Darlings,tt0472118,94,English| Swedish,Sweden| USA,12 Apr 2006,release_countrytt0472118,budget,Comedy| Drama,2006,786,Björne Larson,5,null,8530,null,8530,null,8530,null,8530,2178671,10924,255,Nordisk Film,5
Robo-Dog,tt3591946,87,English,USA,14 Oct 2015,release_countrytt3591946,budget,Family| Sci-Fi,2015,114,Jason Murphy,2601,null,8530,null,8530,null,8530,null,8530,41242,95,21,Prism Pictures,5
Hellbenders,tt1865393,85,English,USA,23 May 2013,release_countrytt1865393,budget,Comedy| Horror| Thriller,2012,1113,J.T. Petty,0,null,8530,null,8530,null,8530,null,8530,62008,63,11,Bloody Disgusting,5
Spirit Camp,tt1078933,96,English,USA,21 Dec 2009,release_countrytt1078933,budget,Comedy| Horror,2009,465,Kerry Beyer,508,null,8530,null,8530,null,8530,null,8530,116478,96,31,N/A,5
Joseph and Mary,tt5206098,82,English,Canada,05 Jul 2016,release_countrytt5206098,budget,Drama,2016,78,Roger Christian,4707,null,8530,null,8530,null,8530,null,8530,0,0,0,N/A,5
Removal,tt1493828,91,English,USA,07 Nov 2010,release_countrytt1493828,budget,Thriller,2010,839,Nick Simon,18945,null,8530,null,8530,null,8530,null,8530,141220,118,18,Grindstone Entertainment,5
Three Can Play That Game,tt1046193,90,English,USA,01 Oct 2007,release_countrytt1046193,budget,Comedy| Romance,2007,689,Samad Davis,0,null,8530,null,8530,null,8530,null,8530,0,0,0,Sony Pictures Home Entertainment,5
House Broken,tt1054631,84,English,USA,07 Jul 2011,release_countrytt1054631,budget,Comedy,2009,1794,Sam Harper,439,null,8530,null,8530,null,8530,null,8530,10668,5,1,Image Entertainment,5
Immigration Game,tt5291976,96,English| German,Germany,06 Jul 2017,release_countrytt5291976,budget,Action| Drama| Thriller,2017,83,Krystof Zlatnik,0,null,8530,null,8530,null,8530,null,8530,32498,94,49,RoundhouseFilm,6
Paws,tt0119870,83,English,Australia| UK,25 Sep 1997,release_countrytt0119870,budget,Adventure| Family| Fantasy,1997,655,Karl Zwicky,7,null,8530,null,8530,null,8530,null,8530,39297,324,4,Universal Pictures,5
Die Fighting,tt2382090,110,English,USA,N/A,release_countrytt2382090,budget,Action| Thriller,2014,427,Fabien Garcia,628,null,8530,null,8530,null,8530,null,8530,341903,383,105,Z Team Films LLC,5
The Gateway,tt3118442,74,English,USA,04 Oct 2015,release_countrytt3118442,budget,Horror| Mystery| Sci-Fi,2015,311,Jaron Henrie-McCrea,0,null,8530,null,8530,null,8530,null,8530,50088,43,3,N/A,5
Powder Room,tt2608726,86,English,UK,06 Dec 2013,release_countrytt2608726,budget,Comedy,2013,632,M.J. Delaney,54,null,8530,null,8530,null,8530,null,8530,28235,43,7,DJ Films,5
Dark Secrets,tt0116031,91,English,USA,12 Mar 1996,release_countrytt0116031,budget,Drama,1996,131,John T. Bone,0,null,8530,null,8530,null,8530,null,8530,2262,47,0,Ardustry Home Entertainment,5
Dark Mirror,tt0486651,86,English,USA,27 Jul 2007,release_countrytt0486651,budget,Horror| Thriller,2007,1182,Pablo Proenza,0,null,8530,null,8530,null,8530,null,8530,367189,257,14,IFC Films,5
Algorithm,tt3293462,91,English,USA,19 Jul 2014,release_countrytt3293462,budget,Crime| Drama| Thriller,2014,707,Jon Schiefer,0,null,8530,null,8530,null,8530,null,8530,6747,89,0,First Run Features,5
The Perfect Sleep,tt0435716,99,English,USA,13 Mar 2009,release_countrytt0435716,budget,Action| Drama| Romance,2009,1032,Jeremy Alter,327,null,8530,null,8530,null,8530,null,8530,334786,104,29,Cinema Epoch,5
The Speak,tt1656197,83,English,USA,01 Oct 2011,release_countrytt1656197,budget,Horror,2011,371,Anthony Pierce,10469,null,8530,null,8530,null,8530,null,8530,34411,26,6,N/A,5
The Year of Getting to Know Us,tt0924134,90,English,USA,24 Jan 2008,release_countrytt0924134,budget,Comedy| Drama,2008,804,Patrick Sisam,0,null,8530,null,8530,null,8530,null,8530,7590,26,2,Entertainment One,5
Steal Big Steal Little,tt0114536,135,English,USA,29 Sep 1995,release_countrytt0114536,budget,Comedy,1995,832,Andrew Davis,2430,null,8530,null,8530,null,8530,null,8530,0,0,0,HBO Video,5
Final Impact,tt0104267,99,English,USA,07 Feb 1992,release_countrytt0104267,budget,Action| Drama,1992,390,Joseph Merhi| Stephen Smoke,16014,null,8530,null,8530,null,8530,null,8530,10084,12,0,PM Entertainment Group,5
The Box,tt0928188,87,English,USA,27 Sep 2007,release_countrytt0928188,budget,Crime| Thriller,2007,408,A.J. Kparr,0,null,8530,null,8530,null,8530,null,8530,2981864,4792,444,Codeblack Entertainment,5
The Kate Logan Affair,tt1744793,85,English| French,Canada,05 Aug 2011,release_countrytt1744793,budget,Drama| Thriller,2010,530,Noël Mitrani,19,null,8530,null,8530,null,8530,null,8530,15105,0,0,N/A,5
Intern,tt0202989,90,English,USA,21 Jan 2000,release_countrytt0202989,budget,Comedy,2000,531,Michael Lange,987,null,8530,null,8530,null,8530,null,8530,7833020,17234,1073,York,5
Once Upon a Time in Mumbai Dobaara!,tt1891884,160,Hindi| Marathi| English,India,15 Aug 2013,release_countrytt1891884,budget,Action| Crime| Drama,2013,5709,Milan Luthria,2751,null,8530,null,8530,null,8530,null,8530,0,0,0,B4U Films,5
The Comedian*s Guide to Survival,tt4871018,96,English,UK,28 Oct 2016,release_countrytt4871018,budget,Comedy,2016,195,Mark Murphy,49780,null,8530,null,8530,null,8530,null,8530,418,1,0,N/A,5
Mothers of the Bride,tt3804756,89,English,USA,10 May 2015,release_countrytt3804756,budget,Comedy,2015,142,Sam Irvin,806,null,8530,null,8530,null,8530,null,8530,255997,770,28,Down the Aisle Movie Productions,5
Shootfighter II,tt0114433,95,English,USA,27 Aug 1996,release_countrytt0114433,budget,Action,1996,453,Paul Ziller,204,null,8530,null,8530,null,8530,null,8530,0,0,0,N/A,5
Three Way,tt0368343,88,English,USA,29 Jun 2004,release_countrytt0368343,budget,Crime| Drama| Thriller,2004,1316,Scott Ziehl,21,null,8530,null,8530,null,8530,null,8530,439,2,0,Sony Pictures Home Entertainment,5
2 Jacks,tt1799585,90,English,USA,18 Oct 2013,release_countrytt1799585,budget,Comedy| Drama,2012,260,Bernard Rose,2709,null,8530,null,8530,null,8530,null,8530,17379,36,4,Breaking Glass Pictures,5
Among Ravens,tt2328696,103,English,USA,18 Jul 2014,release_countrytt2328696,budget,Comedy| Drama,2014,285,Russell Friedenberg| Randy Redroad,201,null,8530,null,8530,null,8530,null,8530,242465,296,37,Gravitas Ventures,5
Multiple Sarcasms,tt0984210,97,English,USA,08 Apr 2010,release_countrytt0984210,budget,Drama,2010,562,Brooks Branch,2313,null,8530,null,8530,null,8530,null,8530,7400,5,0,Mac Releasing,5
Retribution,tt4845094,91,English,UK,04 Sep 2017,release_countrytt4845094,budget,Drama| Fantasy| Romance,2017,7,Christine Edwards,434,null,8530,null,8530,null,8530,null,8530,188979,6821,3108,N/A,6
Tail Lights Fade,tt0122743,87,English,Canada,03 Dec 1999,release_countrytt0122743,budget,Comedy| Action| Drama,1999,691,Malcolm Ingram,712,null,8530,null,8530,null,8530,null,8530,1646,0,0,Trimark,5
The Midnight Game,tt2155391,74,English,USA,02 Mar 2013,release_countrytt2155391,budget,Horror| Thriller,2013,632,A.D. Calvo,25,null,8530,null,8530,null,8530,null,8530,368086,1169,94,Anchor Bay Entertainment,5
The Danger Element,tt6149282,100,English,USA,01 Aug 2017,release_countrytt6149282,budget,Action,2017,6,John Soares,1125,null,8530,null,8530,null,8530,null,8530,0,0,0,N/A,6
Dog Gone,tt0969250,108,English,USA,28 Feb 2008,release_countrytt0969250,budget,Comedy| Family| Fantasy,2008,584,Mark Stouffer,1214,null,8530,null,8530,null,8530,null,8530,98904,168,15,Screen Media,5
The Nurse,tt0117217,94,English,USA| Germany,17 Jun 1997,release_countrytt0117217,budget,Drama| Horror| Thriller,1997,441,Robert Malenfant,0,null,8530,null,8530,null,8530,null,8530,132237,1621,47,Warner Elektra Atlantic,5
Teresa*s Tattoo,tt0111397,88,English,USA,06 Apr 1995,release_countrytt0111397,budget,Comedy| Crime,1994,326,Julie Cypher,66,null,8530,null,8530,null,8530,null,8530,8145,15,1,Trimark,5
24 Hours Movie,tt3773506,90,English,USA,25 Jul 2014,release_countrytt3773506,budget,Drama,2014,26,Jarrell Crump,0,null,8530,null,8530,null,8530,null,8530,5873,49,1,Alyze Elyse Films,5
The New Swiss Family Robinson,tt0130142,90,English,USA,10 Jan 1999,release_countrytt0130142,budget,Adventure,1998,620,Stewart Raffill,205,null,8530,null,8530,null,8530,null,8530,0,0,0,Total Films,5
Alpha Alert,tt2363181,84,English,UK| USA,17 Jun 2014,release_countrytt2363181,budget,Thriller,2013,1026,Matthew Thompson,405,null,8530,null,8530,null,8530,null,8530,0,0,0,LionsGate Entertainment,5
Mother*s Milk,tt2224506,94,English,USA,21 Sep 2013,release_countrytt2224506,budget,Drama| Thriller,2013,155,Edward Pionke,0,null,8530,null,8530,null,8530,null,8530,73105,23,23,Monarch Home Entertainment,5
Shelter,tt2254131,97,English,USA,21 Apr 2015,release_countrytt2254131,budget,Drama| Sci-Fi| Thriller,2015,372,Wrion Bowling| Adam C. Caudill,0,null,8530,null,8530,null,8530,null,8530,3367181,25472,437,Screen Media Films,5
Joey,tt0119415,96,English,Australia,26 Dec 1997,release_countrytt0119415,budget,Family| Adventure| Comedy,1997,430,Ian Barry,3381,null,8530,null,8530,null,8530,null,8530,4058199,64443,6001,MGM Home Entertainment,5
Flogging Margaret,tt0806073,98,English,USA,05 Feb 2008,release_countrytt0806073,budget,Comedy,2008,259,Oliver Assiran,0,null,8530,null,8530,null,8530,null,8530,13576,3,1,N/A,5
Everlasting Love,tt4077768,69,Chinese| English| Spanish,Spain,25 Apr 2015,release_countrytt4077768,budget,Drama| Mystery| Romance,2014,218,Marçal Forés,0,null,8530,null,8530,null,8530,null,8530,404116,1280,69,N/A,5
Close Enough to Touch,tt0268229,87,English,USA,14 Sep 2002,release_countrytt0268229,budget,Drama,2002,189,Jamie Scabbert,0,null,8530,null,8530,null,8530,null,8530,0,0,0,N/A,5
The Silencers,tt0117651,103,English,USA,01 Apr 1997,release_countrytt0117651,budget,Action| Sci-Fi,1996,368,Richard Pepin,17,null,8530,null,8530,null,8530,null,8530,55548,136,11,PM Home Video,5
Streets of East L.A.,tt4975904,81,English,USA,21 Mar 2016,release_countrytt4975904,budget,Action| Crime| Drama,2016,20,Damian Chapa,9299,null,8530,null,8530,null,8530,null,8530,0,0,0,N/A,5
The Legend of Lucy Keyes,tt0428765,93,English,USA,03 Feb 2006,release_countrytt0428765,budget,Drama| Thriller,2005,1294,John Stimpson,0,null,8530,null,8530,null,8530,null,8530,50706,24,5,Brainstorm Media,5
3-Day Weekend,tt1137994,84,English,USA,08 Aug 2008,release_countrytt1137994,budget,Drama| Romance,2008,769,Rob Williams,12366,null,8530,null,8530,null,8530,null,8530,0,0,0,Guest House Films,5
Christmas Ranch,tt4959876,82,English| English,USA,08 Dec 2016,release_countrytt4959876,budget,Drama,2016,76,Douglas B. Maddox,1,null,8530,null,8530,null,8530,null,8530,1081,4,0,N/A,5
The Breakup Girl,tt2282737,90,English,USA,10 Jul 2015,release_countrytt2282737,budget,Comedy| Drama,2015,113,Stacy Sherman,5,null,8530,null,8530,null,8530,null,8530,0,0,0,N/A,5
A Bit of Bad Luck,tt2406306,86,English,USA,N/A,release_countrytt2406306,budget,Comedy| Drama| Thriller,2014,211,John Fuhrman,83,null,8530,null,8530,null,8530,null,8530,30665,88,4,Indican Pictures,5
The Moment After,tt0240732,89,English,USA,04 Jul 1999,release_countrytt0240732,budget,Drama| Sci-Fi| Thriller,1999,467,Wes Llewellyn,0,null,8530,null,8530,null,8530,null,8530,23505,27,9,Signal Hill Pictures,5
The Beacon,tt1190910,94,English,USA,13 Sep 2011,release_countrytt1190910,budget,Action| Fantasy| Horror,2009,921,Michael Stokes,1050433,null,8530,null,8530,null,8530,null,8530,12294,465,4,Beacon The Movie LLC.,5
Judas Ghost,tt2338027,75,English,UK,10 Nov 2013,release_countrytt2338027,budget,Fantasy| Horror,2013,365,Simon Pearce,29513,null,8530,null,8530,null,8530,null,8530,70176,126,23,N/A,5
Order of Chaos,tt1159721,90,English,USA,12 Feb 2010,release_countrytt1159721,budget,Thriller,2010,1320,Vince Vieluf,664,null,8530,null,8530,null,8530,null,8530,186493,66,35,Cinema Epoch,5
Sensual Friends,tt0214106,93,English,USA,03 Feb 2001,release_countrytt0214106,budget,Drama,2001,106,Jay Madison,308,null,8530,null,8530,null,8530,null,8530,0,0,0,N/A,5
Entrance,tt1918806,83,English,USA,18 May 2012,release_countrytt1918806,budget,Drama| Horror| Thriller,2012,793,Dallas Richard Hallam(co-director)| Patrick Horvath(co-director),0,null,8530,null,8530,null,8530,null,8530,339494,1071,21,IFC Midnight,5
Beyond,tt1800671,90,English,USA,28 May 2012,release_countrytt1800671,budget,Thriller,2012,1127,Josef Rusnak,29,null,8530,null,8530,null,8530,null,8530,2590549,10244,287,N/A,5
Eternal,tt0382019,107,English,Canada,08 Jul 2005,release_countrytt0382019,budget,Horror| Mystery| Thriller,2004,1182,Wilhelm Liebenberg| Federico Sanchez,5611,null,8530,null,8530,null,8530,null,8530,5223346,54058,986,Regent Releasing,5
Loved,tt0119581,109,English,USA,31 Oct 1997,release_countrytt0119581,budget,Drama| Thriller,1997,481,Erin Dignam,0,null,8530,null,8530,null,8530,null,8530,5989928,24127,1880,Crosslight,5
Art House,tt0126787,93,English,USA,N/A,release_countrytt0126787,budget,Comedy| Drama,1998,235,Leigh Scott,2021,null,8530,null,8530,null,8530,null,8530,2985,15,1,Negative Entropy Productions,5
Two-Bit Waltz,tt2570224,81,English,USA,19 Apr 2014,release_countrytt2570224,budget,Comedy| Drama| Family,2014,340,Clara Mamet,108,null,8530,null,8530,null,8530,null,8530,45497,173,19,Monterey Media,5
Diary of Lust,tt0233569,84,English,USA,14 Mar 2000,release_countrytt0233569,budget,Drama| Romance,2000,95,Madison Monroe,9036,null,8530,null,8530,null,8530,null,8530,83053,24,9,Surrender Cinema,5
Suing the Devil,tt1615075,97,English,USA| Australia,26 Aug 2011,release_countrytt1615075,budget,Comedy| Drama,2011,3584,Timothy A. Chey,15461,null,8530,null,8530,null,8530,null,8530,5114,16,0,RiverRain,5
Trauma,tt0363143,93,English,UK,17 Sep 2004,release_countrytt0363143,budget,Drama| Horror| Mystery,2004,3016,Marc Evans,71915,null,8530,null,8530,null,8530,null,8530,7009,408,1,20th Century Fox,5
LOL,tt0462392,81,English,USA,13 Mar 2006,release_countrytt0462392,budget,Comedy| Drama,2006,787,Joe Swanberg,1536,null,8530,null,8530,null,8530,null,8530,3339317,14436,1808,Benten Films,5
The Drift,tt2294855,101,English,UK,06 Dec 2014,release_countrytt2294855,budget,Horror| Sci-Fi,2014,88,Darren Scales,52,null,8530,null,8530,null,8530,null,8530,682,0,0,N/A,5
Eve of Destruction,tt0101831,99,English,USA,18 Jan 1991,release_countrytt0101831,budget,Action| Sci-Fi| Thriller,1991,1650,Duncan Gibbins,19,null,8530,null,8530,null,8530,null,8530,2012,45,1,Nelson Entertainment,5
Going Greek,tt0263386,90,English,USA,04 Aug 2001,release_countrytt0263386,budget,Comedy| Drama| Romance,2001,1254,Justin Zackham,130,null,8530,null,8530,null,8530,null,8530,661,0,2,Hart Sharp Video,5
The Dark Mist,tt0116916,101,English,USA,N/A,release_countrytt0116916,budget,Fantasy| Action| Adventure,1996,106,Ryan Carroll,402,null,8530,null,8530,null,8530,null,8530,0,0,0,N/A,5
The Con Artist,tt1401607,84,English,Canada,25 Nov 2010,release_countrytt1401607,budget,Comedy,2010,827,Risa Bramon Garcia,2172,null,8530,null,8530,null,8530,null,8530,114992,197,2,Entertainment One,5
A Thousand Kisses Deep,tt1565069,84,English,UK| USA,15 Jun 2012,release_countrytt1565069,budget,Romance| Sci-Fi| Thriller,2011,354,Dana Lustig,0,null,8530,null,8530,null,8530,null,8530,102331,69,9,Tomori Films,5
The Stone Council,tt0447619,102,French| English,France| Italy| Germany,15 Nov 2006,release_countrytt0447619,budget,Adventure| Crime| Drama,2006,2028,Guillaume Nicloux,4965,null,8530,null,8530,null,8530,null,8530,0,0,0,Filmauro,5
The Honeymoon,tt1478849,79,English,Canada,30 Nov 2014,release_countrytt1478849,budget,Thriller,2014,20,Rob Rowatt,0,null,8530,null,8530,null,8530,null,8530,7169,28,0,Magnolia Pictures/Magnet Releasing,5
Bandaged,tt1434925,92,English,Germany| USA| France,19 Nov 2009,release_countrytt1434925,budget,Mystery| Romance| Thriller,2009,318,Maria Beatty,830,null,8530,null,8530,null,8530,null,8530,27722,10,1,Bleu Productions,5
A Smile Like Yours,tt0120151,98,English,USA,22 Aug 1997,release_countrytt0120151,budget,Comedy| Romance,1997,1232,Keith Samples,23,null,8530,null,8530,null,8530,null,8530,13296,23,0,N/A,5
The Lost Samaritan,tt1118519,95,English,Germany,05 May 2009,release_countrytt1118519,budget,Action| Thriller,2008,757,Thomas Jahn,304,null,8530,null,8530,null,8530,null,8530,0,0,0,Well Go USA| Inc.,5
Hell Town,tt3460278,89,English,USA,23 Apr 2015,release_countrytt3460278,budget,Comedy| Horror| Thriller,2015,60,Steve Balderson| Elizabeth Spear,3615,null,8530,null,8530,null,8530,null,8530,4507,7,0,N/A,5
Trigger Man,tt0814365,80,English,USA,17 Oct 2007,release_countrytt0814365,budget,Drama| Thriller,2007,628,Ti West,3506,null,8530,null,8530,null,8530,null,8530,45922,21,21,Glass Eye Pix,5
Disco ormene,tt1087841,75,Danish| English,Denmark| Germany,10 Oct 2008,release_countrytt1087841,budget,Animation| Comedy| Family,2008,677,Thomas Borch Nielsen,0,null,8530,null,8530,null,8530,null,8530,0,0,0,Crone Film Produktion A/S,5
Deadly Sanctuary,tt3447876,100,English,USA,17 Feb 2017,release_countrytt3447876,budget,Family| Mystery| Thriller,2017,92,Nancy Criss,1422,null,8530,null,8530,null,8530,null,8530,28264,62,12,N/A,5
Instinct to Kill,tt0291265,90,English,USA,01 Oct 2001,release_countrytt0291265,budget,Action| Thriller,2001,555,Gustavo Graef-Marino,1,null,8530,null,8530,null,8530,null,8530,17755,12,0,N/A,5
A Sunday Kind of Love,tt3611112,93,English,Canada,18 Nov 2016,release_countrytt3611112,budget,Drama| Fantasy| Romance,2015,109,Geordie Sabbagh,0,null,8530,null,8530,null,8530,null,8530,47731,28,7,Indiecan Entertainment,5
The Castle Project,tt2547650,86,English,USA| France| Italy,01 Oct 2013,release_countrytt2547650,budget,Documentary| History| Horror,2013,47,Brian Higgins,8979,null,8530,null,8530,null,8530,null,8530,4413,3,1,Cinema Libre Studio,5
Robo Warriors,tt0117497,93,English,USA,01 Oct 1996,release_countrytt0117497,budget,Action| Adventure| Sci-Fi,1996,322,Ian Barry,3381,null,8530,null,8530,null,8530,null,8530,0,0,0,Premiere Entertainment Productions,5
Cheech & Chong*s Animated Movie,tt1340803,84,English,USA,18 Mar 2013,release_countrytt1340803,budget,Animation| Comedy,2013,696,Branden Chambers| Eric D. Chambers,0,null,8530,null,8530,null,8530,null,8530,530444,2000,123,Fox,5
Silent Partner,tt0457475,96,English| Russian,Russia| USA,26 May 2005,release_countrytt0457475,budget,Action| Crime,2005,630,James D. Deck,117,null,8530,null,8530,null,8530,null,8530,115457,33,15,Andrew Stevens Entertainment,5
After,tt1147681,99,English,USA,08 Aug 2014,release_countrytt1147681,budget,Drama| Mystery,2014,122,Pieter Gaspersz,8,null,8530,null,8530,null,8530,null,8530,766644,8312,281,Paladin/Accretion Films,5
Return to the Hiding Place,tt1691153,102,English,USA,23 May 2014,release_countrytt1691153,budget,Drama| History| Thriller,2013,611,Peter C. Spencer| Josiah Spencer(co-director),423,null,8530,null,8530,null,8530,null,8530,44244,169,3,Hammond Entertainment,5
Mansion of Blood,tt1929310,98,English,USA,15 Jul 2015,release_countrytt1929310,budget,Horror,2015,49,Mike Donahue,2413,null,8530,null,8530,null,8530,null,8530,7941,24,5,Elusive Entertainment,6
Angelfist,tt0106280,80,English,USA,12 May 1993,release_countrytt0106280,budget,Action| Thriller,1993,272,Cirio H. Santiago,275,null,8530,null,8530,null,8530,null,8530,0,0,0,Concorde Pictures,5
Vipers,tt0198009,92,English,USA,N/A,release_countrytt0198009,budget,N/A,1998,119,Eric Gibson,562,null,8530,null,8530,null,8530,null,8530,23430,413,16,N/A,5
Santa*s Boot Camp,tt2331053,93,English,USA,15 Nov 2016,release_countrytt2331053,budget,Adventure| Comedy| Family,2016,52,Ken Feinberg,37,null,8530,null,8530,null,8530,null,8530,28339,40,9,Creative Studios of Atlanta,5
Der Skipper,tt0100633,98,German| English,West Germany,05 Apr 1990,release_countrytt0100633,budget,Adventure| Drama| Thriller,1990,639,Peter Keglevic,8,null,8530,null,8530,null,8530,null,8530,0,0,0,MCA Universal Home Video,5
Skinner,tt0114466,90,English,USA,12 Jul 1995,release_countrytt0114466,budget,Horror,1993,381,Ivan Nagy,549,null,8530,null,8530,null,8530,null,8530,16279,138,1,A-Pix,5
The Night Visitor,tt2797642,91,English,USA,22 Sep 2015,release_countrytt2797642,budget,Horror| Sci-Fi| Thriller,2013,65,Jennifer Blanc-Biehn,1835,null,8530,null,8530,null,8530,null,8530,27208,69,0,N/A,5
Roundabout American,tt2049633,86,English,USA,23 Sep 2014,release_countrytt2049633,budget,Comedy| Romance,2012,109,Boris Wexler,50,null,8530,null,8530,null,8530,null,8530,41540,44,9,Reality Films,5
The Holding,tt1582621,89,English,UK,09 Sep 2011,release_countrytt1582621,budget,Thriller,2011,739,Susan Jacobson,649,null,8530,null,8530,null,8530,null,8530,352801,87,45,N/A,5
Lured Innocence,tt0122161,99,English,USA,12 Feb 2000,release_countrytt0122161,budget,Drama| Thriller,2000,261,Kikuo Kawasaki,0,null,8530,null,8530,null,8530,null,8530,0,0,0,Artisan Entertainment,5
Project: Metalbeast,tt0114193,92,English,USA,01 Jan 1995,release_countrytt0114193,budget,Horror| Sci-Fi,1995,554,Alessandro De Gaetano,509,null,8530,null,8530,null,8530,null,8530,0,0,0,Blue Ridge Entertainment,5
Buffering,tt1715322,80,English,UK,N/A,release_countrytt1715322,budget,Comedy,2011,409,Darren Flaxstone| Christian Martin,613475,null,8530,null,8530,null,8530,null,8530,204749,106,42,N/A,5
R.T.T.,tt1345507,88,French| English| Spanish,France,09 Dec 2009,release_countrytt1345507,budget,Comedy| Romance,2009,746,Frédéric Berthe,5468,null,8530,null,8530,null,8530,null,8530,0,0,0,Studio Canal,5
Chain of Command,tt0207377,96,English,USA,22 Jul 2000,release_countrytt0207377,budget,Action| Adventure| Thriller,2000,742,John Terlesky,93,null,8530,null,8530,null,8530,null,8530,754,6,0,Studio Home Entertainment,5
Mama I Want to Sing,tt0880569,100,English,USA,14 Feb 2012,release_countrytt0880569,budget,Musical,2011,266,Charles Randolph-Wright,81,null,8530,null,8530,null,8530,null,8530,0,0,0,Bigger Picture,5
The Speed of Thought,tt0847825,93,English,USA,12 Apr 2011,release_countrytt0847825,budget,Sci-Fi| Thriller,2011,1418,Evan Oppenheimer,0,null,8530,null,8530,null,8530,null,8530,326642,68,75,N/A,5
Haphead,tt4388964,70,English,Canada,22 Jan 2015,release_countrytt4388964,budget,Sci-Fi,2015,146,Tate Young,1971,null,8530,null,8530,null,8530,null,8530,0,0,0,N/A,5
For Better or Worse,tt0116332,105,English,USA,19 Mar 1995,release_countrytt0116332,budget,Action| Comedy| Drama,1995,411,Jason Alexander,17409,null,8530,null,8530,null,8530,null,8530,178835,486,24,N/A,5
Where Is Good?,tt4723246,129,English,USA,19 May 2015,release_countrytt4723246,budget,Drama,2015,51,Ricky Burchell,0,null,8530,null,8530,null,8530,null,8530,0,0,0,B4 Entertainment,5
Safari,tt2427836,78,English,South Africa,15 Feb 2014,release_countrytt2427836,budget,Thriller,2013,105,Darrell Roodt,415,null,8530,null,8530,null,8530,null,8530,1464398,9081,550,N/A,5
And Now a Word from Our Sponsor,tt2094762,87,English,Canada,10 May 2013,release_countrytt2094762,budget,Comedy| Drama,2013,775,Zack Bernbaum,0,null,8530,null,8530,null,8530,null,8530,139536,327,47,Paladin Films,5
Toilet,tt1603933,109,English,Japan,28 Aug 2010,release_countrytt1603933,budget,Drama,2010,473,Naoko Ogigami,109,null,8530,null,8530,null,8530,null,8530,38126848,365133,18654,N/A,6
Misconceptions,tt1172066,95,English,USA,22 Jan 2010,release_countrytt1172066,budget,Comedy| Drama,2008,191,Ron Satlof,57,null,8530,null,8530,null,8530,null,8530,2682,49,0,Regent Releasing/here! Films,5
Deadline,tt1430811,95,English,USA,13 Apr 2012,release_countrytt1430811,budget,Drama| Mystery| Thriller,2012,387,Curt Hahn,22,null,8530,null,8530,null,8530,null,8530,91737,3991,214,Independent Pictures,5
Honor,tt0481544,87,Japanese| English,USA,29 Jul 2006,release_countrytt0481544,budget,Action| Drama,2006,526,David Worth,3710,null,8530,null,8530,null,8530,null,8530,5740036,40041,698,N/A,5
Lucky: No Time for Love,tt0449306,180,Hindi| Russian| English,India,08 Apr 2005,release_countrytt0449306,budget,Musical| Drama| Romance,2005,2568,Radhika Rao| Vinay Sapru,30810,null,8530,null,8530,null,8530,null,8530,0,0,0,Sohail Khan Productions,5
Twisted Love,tt0114751,85,English,USA,08 Aug 1995,release_countrytt0114751,budget,Thriller,1995,105,Eb Lottimer,0,null,8530,null,8530,null,8530,null,8530,13297,157,5,Concorde-New Horizons,5
The Soft Kill,tt0111228,94,English,USA,25 Oct 1994,release_countrytt0111228,budget,Mystery| Thriller,1994,178,Eli Cohen,28331,null,8530,null,8530,null,8530,null,8530,0,0,0,N/A,5
Blast,tt0361399,92,English,Germany| South Africa| USA,11 Nov 2004,release_countrytt0361399,budget,Action| Comedy| Thriller,2004,1466,Anthony Hickox,233,null,8530,null,8530,null,8530,null,8530,254312,5727,223,Screen Gems Inc.,5
Provocateur,tt0134912,103,English| Korean,Canada| USA,19 May 1998,release_countrytt0134912,budget,Action| Drama| Thriller,1998,268,Jim Donovan,13666,null,8530,null,8530,null,8530,null,8530,41737,77,0,Live Home Video,5
The Gremlin,tt1794998,77,English,USA,N/A,release_countrytt1794998,budget,Comedy| Horror,2007,47,Justin Russell,1225,null,8530,null,8530,null,8530,null,8530,0,0,0,N/A,5
Contaminated Man,tt0221885,100,English,USA| UK| Germany| Hungary,17 Dec 2000,release_countrytt0221885,budget,Drama| Thriller,2000,966,Anthony Hickox,233,null,8530,null,8530,null,8530,null,8530,0,0,0,Promark Entertainment Group,5
The Price of Kissing,tt0119941,93,English,USA| Canada,06 Aug 1999,release_countrytt0119941,budget,Drama| Romance,1997,243,Vince DiPersio,0,null,8530,null,8530,null,8530,null,8530,0,0,0,MDP Worldwide Entertainment,5
Octane,tt0490114,112,English,UK,N/A,release_countrytt0490114,budget,Action| Drama| Romance,2007,361,Mark Jay,78944,null,8530,null,8530,null,8530,null,8530,78686,1070,5,LionsGate Entertainment,5
Dead Meat,tt0369359,80,English,Ireland,01 Dec 2004,release_countrytt0369359,budget,Action| Comedy| Horror,2004,2029,Conor McMahon,143,null,8530,null,8530,null,8530,null,8530,7843,17,1,Hart Sharp Video,5
Strike One,tt1965118,102,English,USA,23 Oct 2014,release_countrytt1965118,budget,Action| Crime| Drama,2014,214,David Llauger Meiselman,0,null,8530,null,8530,null,8530,null,8530,78729,178,15,N/A,5
The Mad,tt0848552,83,English,Canada,N/A,release_countrytt0848552,budget,Comedy| Horror| Thriller,2007,1496,John Kalangis,17,null,8530,null,8530,null,8530,null,8530,20690,32,3,235 Films,5
Circle of Lies,tt1852097,82,English,Australia,01 Dec 2012,release_countrytt1852097,budget,Drama,2012,210,Matt Cerwen,0,null,8530,null,8530,null,8530,null,8530,0,160,28,Circle of Lies,5
The Id,tt4858474,87,English,USA,N/A,release_countrytt4858474,budget,Horror| Thriller,2015,123,Thommy Hutson,0,null,8530,null,8530,null,8530,null,8530,0,0,0,N/A,5
Ricochet River,tt0120807,112,English,USA,23 Oct 2001,release_countrytt0120807,budget,Drama,2001,228,Deborah Del Prete,12,null,8530,null,8530,null,8530,null,8530,21503,32,1,LionsGate Entertainment,5
The Rambler,tt2381355,97,English,USA,21 Jan 2013,release_countrytt2381355,budget,Comedy| Drama| Horror,2013,795,Calvin Reeder,0,null,8530,null,8530,null,8530,null,8530,208038,132,64,Anchor Bay Films,5
Bloodsucking Pharaohs in Pittsburgh,tt0101483,89,English,USA,02 May 1991,release_countrytt0101483,budget,Comedy| Horror,1991,455,Dean Tschetter,0,null,8530,null,8530,null,8530,null,8530,0,0,0,N/A,5
The Girl,tt0249538,84,English| French,USA| France,13 Aug 2003,release_countrytt0249538,budget,Drama| Mystery| Romance,2000,373,Sande Zeig,21,null,8530,null,8530,null,8530,null,8530,8864436,63384,2949,Artistic License Films,5
Easter Bunny| Kill! Kill!,tt0780506,90,English,USA,04 Aug 2006,release_countrytt0780506,budget,Horror,2006,412,Chad Ferrin,34,null,8530,null,8530,null,8530,null,8530,0,0,0,N/A,5
The Hum,tt4478526,84,English,USA,02 Mar 2015,release_countrytt4478526,budget,Drama| Thriller,2015,48,F.C. Rabbath,2645,null,8530,null,8530,null,8530,null,8530,229634,1984,43,F.C. Rabbath Creations,5
Lucifer*s Night,tt3786730,86,English,UK,23 Oct 2014,release_countrytt3786730,budget,Horror| Thriller,2014,23,Henry W. Smith,2,null,8530,null,8530,null,8530,null,8530,0,0,0,N/A,6
Conceiving Ada,tt0118882,85,English,USA| Germany,19 Feb 1999,release_countrytt0118882,budget,Drama| Fantasy| Sci-Fi,1997,347,Lynn Hershman-Leeson,182,null,8530,null,8530,null,8530,null,8530,0,0,0,Hotwire Productions,5
12 Golden Ducks,tt4409852,84,Cantonese| Mandarin| English| Thai,Hong Kong,19 Feb 2015,release_countrytt4409852,budget,Comedy,2015,219,Matt Chow,4883,null,8530,null,8530,null,8530,null,8530,279466,1456,44,Asia Releasing LLC,5
The Fold,tt2363435,89,English| Bulgarian| Polish,UK,01 Feb 2014,release_countrytt2363435,budget,Drama| Thriller,2013,131,John Jencks,0,null,8530,null,8530,null,8530,null,8530,18693,98,1,N/A,5
Servitude,tt1754478,85,English,Canada,29 Apr 2012,release_countrytt1754478,budget,Comedy,2011,201,Warren P. Sonoda,481,null,8530,null,8530,null,8530,null,8530,15141,41,2,BUCK Productions,5
Last Gasp,tt0113609,93,English,USA| Romania,25 Jul 1995,release_countrytt0113609,budget,Horror| Thriller,1995,366,Scott McGinnis,660,null,8530,null,8530,null,8530,null,8530,29379,20,4,Kushner-Locke Productions,5
